
INSERT INTO `admin` (`id_admin`, `nm_admin`, `username`, `password`, `create_at`) VALUES
(1, 'Admin', 'jwd', '1234', '2021-07-29 04:12:36');

INSERT INTO `tbanggota` (`idanggota`, `nama`, `jeniskelamin`, `alamat`, `status`) VALUES
('202', 'Ali Ahmadi', 'Pria', 'ddd', 'Sedang Meminjam'),
('AG001', 'Riki Subekti', 'Pria', 'Jl.Semangka No 3', 'Tidak Meminjam'),
('AG002', 'Aini Rahmawati', 'Wanita', 'Jl.Anggrek No 45', 'Sedang Meminjam'),
('AG003', 'Rudi Hartono', 'Pria', 'Jl.Manggis 98', 'Sedang Meminjam'),
('AG004', 'Dino Riano', 'Pria', 'Jl.Melon No 33', 'Sedang Meminjam'),
('AG005', 'Agus Wardoyo', 'Pria', 'Jl.Cempedak No 88', 'Tidak Meminjam'),
('AG006', 'Shinta Riani', 'Wanita', 'JL.Jeruk No 1', 'Sedang Meminjam'),
('AG007', 'Irwan Hakim', 'Pria', 'Jl.Salak No 34', 'Tidak Meminjam'),
('AG008', 'Indah Dian', 'Wanita', 'Jl.Semangka No 23', 'Tidak Meminjam'),
('AG009', 'Rina Auliah', 'Wanita', 'Jl.Merpati No 44', 'Tidak Meminjam'),
('AG010', 'Septi Putri', 'Wanita', 'Jl.Beringin No 2', 'Tidak Meminjam'),
('AG014', 'Rangga', 'Pria', 'Jl.Manggis No 41', 'Tidak Meminjam');

INSERT INTO `tbbuku` (`idbuku`, `judulbuku`, `kategori`, `pengarang`, `penerbit`, `status`) VALUES
('BK001', 'Belajar PHP', 'Ilmu Komputer', 'Candra', 'Media Baca', 'Dipinjam'),
('BK002', 'Belajar HTML', 'Ilmu Komputer', 'Rahmat Hakim', 'Media Baca', 'Dipinjam'),
('BK003', 'Kumpulan Puisi', 'Karya Sastra', 'Bejo', 'Media Kita', 'Tersedia'),
('BK004', 'Sejarah Islam', 'Ilmu Agama', 'Sutejo', 'Media Kita', 'Dipinjam'),
('BK005', 'Pintar CSS', 'Ilmu Komputer', 'Anton', 'Graha Buku', 'Tersedia'),
('BK006', 'Kumpulan Cerpen', 'Karya Sastra', 'Rudi', 'Media Aksara', 'Dipinjam'),
('BK007', 'Keamanan Data', 'Ilmu Komputer', 'Nusron', 'Media Cipta', 'Dipinjam'),
('BK008', 'Dasar-Dasar Database', 'Ilmu Komputer', 'Andi', 'Graha Media', 'Tersedia'),
('BK009', 'Kumpulan Cerpen 2', 'Karya Sastra', 'Sutejo', 'Media Cipta', 'Tersedia'),
('BK010', 'Peradaban Islam', 'Ilmu Agama', 'Aminnudin', 'Media Baca', 'Tersedia'),
('BK011', 'Kumpulan Cerpen 3', 'Karya Sastra', 'Rudi', 'Media Baca', 'Tersedia'),
('BK012', 'Teknologi Informasi', 'Ilmu Komputer', 'Andi A', 'Media Baca', 'Tersedia'),
('BK013', 'Dermaga Biru', 'Karya Sastra', 'Sutejo', 'Media Cipta', 'Tersedia');

INSERT INTO `tbtransaksi` (`idtransaksi`, `idanggota`, `idbuku`, `tglpinjam`, `tglkembali`) VALUES
('TR001', 'AG002', 'BK002', '2016-11-03', '2016-11-05'),
('TR002', 'AG003', 'BK003', '2016-11-04', '2016-11-04'),
('TR003', 'AG001', 'BK001', '2016-11-04', '2021-02-23'),
('TR004', 'AG003', 'BK003', '2016-11-04', '2016-11-04'),
('TR005', 'AG006', 'BK004', '2016-11-04', '2021-02-23'),
('TR006', 'AG003', 'BK005', '2016-11-05', '2016-11-05'),
('TR007', 'AG008', 'BK013', '2016-11-05', '2021-02-23'),
('TR031', 'AG010', 'BK003', '2017-01-22', '2021-02-23');

INSERT INTO `tbuser` (`iduser`, `nama`, `alamat`, `password`) VALUES
('US001', 'Andi Rahman Hakim', 'Jl.Pramuka No 9', '1234');
